177900000,安永０８,大阪:蒹葭堂,上田余斎,芥川章（祥）甫,上田余斎,江村伝左衛門,大島逸記（紀）,大島逸記,野呂九一郎,九津見吉左衛門,橋本貞元,河内屋太郎右衛門,河内屋太郎右衛門,義端（タン）,木村石居,玉蘭,九津見吉左衛門,和田清兵衛,江村伝左衛門,小柴（芝）新介（助）,佐々木内匠,佐（左）々木内匠,大典,大典,福井周吉,野呂喜右衛門,橋本貞元,小柴新介,大島逸記,福井立助※楓亭,大島逸記,玉蘭,芥川陽軒,義端,和田清兵衛
177901001,安永０８,大阪:蒹葭堂,☆西役所
177901002,安永０８,大阪:蒹葭堂,☆町（丁）内,☆堀江
177901003,安永０８,大阪:蒹葭堂,☆江戸堀,☆堂島,中島,☆長堀
177901004,安永０８,大阪:蒹葭堂,☆生玉,島（ノ）内,☆惣会所,☆東役所,☆平野町,室賀山城守
177901007,安永０８,大阪:蒹葭堂,☆賀客,久（九）徳台（太）八　※直利,小出二八良,橋本貞元,遍照院
177901009,安永０８,大阪:蒹葭堂,福井元庸
177901011,安永０８,大阪:蒹葭堂,打木屋内室,大城玄洲？,☆敵打読,☆郡山敵打読,☆御用始,甚右衛門（敵打読）,☆惣会所,三津屋後室,三宅新兵衛,山瀬柳庵
177901012,安永０８,大阪:蒹葭堂,打木屋内室,☆敵打読,甚右衛門（敵打読）,八田小十郎
177901013,安永０８,大阪:蒹葭堂,萱野司馬太,服部仁庵,山瀬治（次）右衛門,山瀬治（次）兵衛,山瀬柳庵
177901014,安永０８,大阪:蒹葭堂,打吉
177901015,安永０８,大阪:蒹葭堂,楠瀬六郎左衛門,小堀屋,松田,松田新（信）蔵,山瀬柳庵
177901017,安永０８,大阪:蒹葭堂,久（九）徳台（太）八　※直利,武田文炳,細合半斎
177901018,安永０８,大阪:蒹葭堂,出田寺,☆天王寺,難波村,定恵院
177901019,安永０８,大阪:蒹葭堂,藤田恭安（庵）
177901020,安永０８,大阪:蒹葭堂,油屋吉右衛門,☆江戸堀,☆心斎橋一丁目筋,☆長堀
177901022,安永０８,大阪:蒹葭堂,一成
177901023,安永０８,大阪:蒹葭堂,江川,柴野彦助,☆廿三夜待,羽倉摂津守,羽倉筑後介,蓬萊雅楽※荒木田尚賢
177901024,安永０８,大阪:蒹葭堂,森蘭斎
177901026,安永０８,大阪:蒹葭堂,浦上玉堂,江田八郎右衛門,河忠,草加五郎右衛門,草加与々軒,油屋吉右衛門※永錫,福井元庸,法蔵寺
177901027,安永０８,大阪:蒹葭堂,安民堂無染,上田余斎,加ゝ屋忠兵衛,北山桃庵,木村節庵（安）,塩屋次郎右衛門,田原屋平兵衛？,葛籠屋八兵衛,疋田杢兵衛,細合半斎,升屋八郎兵衛,無染
177901028,安永０８,大阪:蒹葭堂,河内屋（ヤ）八兵衛,紅毛,西大寺,兵庫文五郎
177901029,安永０８,大阪:蒹葭堂,岡慈庵,☆銅座
177901030,安永０８,大阪:蒹葭堂,油屋吉右衛門,油吉小女,☆卓子,☆銅座,楢林重兵衛
177902001,安永０８,大阪:蒹葭堂,岸彦次郎,北山桃庵,☆駝鳥,楢林重兵衛,松林翼之,吉田屋（ヤ）
177902003,安永０８,大阪:蒹葭堂,岸彦次郎,☆惣会所,増（益）田
177902004,安永０８,大阪:蒹葭堂,岡七介（助・輔）,嘉六,久（九）徳台（太）八　※直利,添田嘉六
177902005,安永０８,大阪:蒹葭堂,久（九）徳台（太）八　※直利,来正八助
177902006,安永０８,大阪:蒹葭堂,井狩安太郎,家内,☆天王寺,富好屋信介,野呂喜右衛門,広瀬（播州三ケ月）
177902007,安永０８,大阪:蒹葭堂,☆惣会所
177902008,安永０８,大阪:蒹葭堂,高島幸安,田路半蔵,野呂喜右衛門,文五郎
177902009,安永０８,大阪:蒹葭堂,浦上玉堂,岡慈庵,楠瀬六郎左衛門,細合半斎,大典,相国寺
177902010,安永０８,大阪:蒹葭堂,岡七介（助・輔）,木村節庵（安）,常長老
177902011,安永０８,大阪:蒹葭堂,町内会所,会所印,☆河伯潜喪,小比賀,服部風箏
177902012,安永０８,大阪:蒹葭堂,鵲橋清斎
177902013,安永０８,大阪:蒹葭堂,観音寺,小出二八良,出田寺,清寿院,☆天王寺
177902014,安永０８,大阪:蒹葭堂,土佐邸,野呂喜右衛門,森信助（介）
177902015,安永０８,大阪:蒹葭堂,岡七介（助・輔）,北国屋（ヤ）忠（仲）介（助）,☆本家百ケ日仏事
177902016,安永０８,大阪:蒹葭堂,☆俵物会所,徳見
177902017,安永０８,大阪:蒹葭堂,池田順（純）庵,福岡紫山
177902018,安永０８,大阪:蒹葭堂,草加与々軒,☆堺（左海）,志水文次郎,陶斎※趙陶斎,布屋（ヤ）次（治）兵衛,益田次（治）兵衛※睢軒
177902019,安永０８,大阪:蒹葭堂,飯田久兵衛,池田順（純）庵,江田八郎右衛門,大森隼太,江岩庵,金屋七郎右衛門,谷川順端,鳥山
177902020,安永０８,大阪:蒹葭堂,牟岐隴昜
177902021,安永０８,大阪:蒹葭堂,西河金右衛門,文泉堂,山本長兵衛
177902022,安永０８,大阪:蒹葭堂,☆西役所
177902023,安永０８,大阪:蒹葭堂,家内,橋本貞元,☆墓参,箕浦専八※秦川
177902024,安永０８,大阪:蒹葭堂,大森,箕浦専八※秦川
177902025,安永０８,大阪:蒹葭堂,岡七介（助・輔）,田芳洲
177902026,安永０８,大阪:蒹葭堂,太田,勝蔓,☆造船
177902029,安永０８,大阪:蒹葭堂,広教寺,智伝
177902030,安永０８,大阪:蒹葭堂,小林村次,細合
177903001,安永０８,大阪:蒹葭堂,上野新八,文八
177903002,安永０８,大阪:蒹葭堂,九津見吉左衛門
177903003,安永０８,大阪:蒹葭堂,江田八郎右衛門
177903004,安永０８,大阪:蒹葭堂,小林村次,斎藤源六
177903005,安永０８,大阪:蒹葭堂,上田余斎,久（九）徳台（太）八　※直利,増上寺僧,村上雪圭
177903006,安永０８,大阪:蒹葭堂,野村宜安
177903007,安永０８,大阪:蒹葭堂,福井元庸
177903008,安永０８,大阪:蒹葭堂,蛇玉※葛蛇玉
177903009,安永０８,大阪:蒹葭堂,片山,福原五岳,田路半蔵,桐野山,原権八,妙覚寺
177903010,安永０８,大阪:蒹葭堂,新田蘭斎,森蘭斎
177903011,安永０８,大阪:蒹葭堂,細合半斎,桐野山律師
177903012,安永０８,大阪:蒹葭堂,三勘
177903013,安永０８,大阪:蒹葭堂,河内屋作兵衛,清河（川）栄蔵,日下泰山,後藤後助
177903014,安永０８,大阪:蒹葭堂,☆入歯,日下
177903015,安永０８,大阪:蒹葭堂,山田彦三郎
177903016,安永０８,大阪:蒹葭堂,清河（川）栄蔵
177903019,安永０８,大阪:蒹葭堂,楠瀬,土佐邸,戸部助五郎※愿山,服部風箏
177903020,安永０８,大阪:蒹葭堂,戸部助五郎※愿山,戸部助五郎子息,山瀬柳庵
